,0,1,2,3,4,5,6,7,8,9,10,11,12
0,'57 Chevy with a White License Plate,14029,Creme de Cacao,Vodka,,,,,,,,,
1,1-900-FUK-MEUP,15395,Absolut Kurant,Grand Marnier,Chambord raspberry liqueur,Midori melon liqueur,Malibu rum,Amaretto,Cranberry juice,Pineapple juice,,,
2,110 in the shade,15423,Lager,Tequila,,,,,,,,,
3,151 Florida Bushwacker,14588,Malibu rum,Light rum,151 proof rum,Dark Creme de Cacao,Cointreau,Milk,Coconut liqueur,Vanilla ice-cream,,,
4,155 Belmont,15346,Dark rum,Light rum,Vodka,Orange juice,,,,,,,
5,24k nightmare,17060,Goldschlager,Jägermeister,Rumple Minze,151 proof rum,,,,,,,
6,252,15288,151 proof rum,Wild Turkey,,,,,,,,,
7,3 Wise Men,13899,Jack Daniels,Johnnie Walker,Jim Beam,,,,,,,,
8,3-Mile Long Island Iced Tea,15300,Gin,Light rum,Tequila,Triple sec,Vodka,Coca-Cola,Sweet and sour,Bitters,Lemon,,
9,410 Gone,13581,Peach Vodka,Coca-Cola,,,,,,,,,
10,50/50,14598,Vanilla vodka,Grand Marnier,Orange juice,Vanilla vodka,Grand Marnier,Orange juice,,,,,
11,Zorro,15328,Sambuca,Baileys irish cream,White Creme de Menthe,,,,,,,,
12,69 Special,13940,Gin,7-Up,Lemon juice,,,,,,,,
13,747,14229,Kahlua,Baileys irish cream,Frangelico,,,,,,,,
14,747 Drink,178318,Vodka,Roses sweetened lime juice,Cranberry Juice,Sprite,,,,,,,
15,9 1/2 Weeks,16108,Absolut Citron,Orange Curacao,Strawberry liqueur,Orange juice,,,,,,,
16,A Day at the Beach,15200,Coconut rum,Amaretto,Orange juice,Grenadine,,,,,,,
17,A Furlong Too Late,17831,Light rum,Ginger beer,Lemon peel,,,,,,,,
18,A Gilligan's Island,16943,Vodka,Peach schnapps,Orange juice,Cranberry juice,,,,,,,
19,A midsummernight dream,15675,Vodka,Kirschwasser,Strawberry liqueur,Strawberries,Schweppes Russchian,,,,,,
20,A Night In Old Mandalay,17832,Light rum,Añejo rum,Orange juice,Lemon juice,Ginger ale,Lemon peel,,,,,
21,A Piece of Ass,16405,Amaretto,Southern Comfort,Ice,Sour mix,,,,,,,
22,A Splash of Nash,14564,Cranberry juice,Soda water,Midori melon liqueur,Creme de Banane,,,,,,,
23,A True Amaretto Sour,17005,Amaretto,Lemon,Ice,Maraschino cherry,,,,,,,
24,A. J.,17833,Applejack,Grapefruit juice,,,,,,,,,
25,A.D.M. (After Dinner Mint),14560,White Creme de Menthe,Southern Comfort,Vodka,Hot chocolate,,,,,,,
26,A1,17222,Gin,Grand Marnier,Lemon Juice,Grenadine,,,,,,,
27,Abbey Cocktail,17834,Gin,Orange bitters,Orange,Cherry,,,,,,,
28,Abbey Martini,17223,Gin,Sweet Vermouth,Orange Juice,Angostura Bitters,,,,,,,
29,ABC,13501,Amaretto,Baileys irish cream,Cognac,,,,,,,,
30,Abilene,17835,Dark rum,Peach nectar,Orange juice,,,,,,,,
31,Absinthe #2,12790,Vodka,Sugar,Anise,Licorice root,Wormwood,,,,,,
32,Absolut Evergreen,14374,Absolut Citron,Pisang Ambon,Ice,Bitter lemon,,,,,,,
33,Absolut limousine,14372,Absolut Citron,Lime juice,Ice,Tonic water,,,,,,,
34,Absolut Sex,14360,Absolut Kurant,Midori melon liqueur,Cranberry juice,Sprite,,,,,,,
35,Absolut Stress #2,15597,Absolut Vodka,Peach schnapps,Coconut liqueur,Cranberry juice,Pineapple juice,,,,,,
36,Absolut Summertime,14107,Absolut Citron,Sweet and sour,Sprite,Soda water,Lemon,,,,,,
37,Absolutely Cranberry Smash,15024,Absolut Vodka,Cranberry juice,Ginger ale,Ice,,,,,,,
38,Absolutely Fabulous,17224,Vodka,Cranberry Juice,Champagne,,,,,,,,
39,Absolutly Screwed Up,16134,Absolut Citron,Orange juice,Triple sec,Ginger ale,,,,,,,
40,Acapulco,17836,Light rum,Triple sec,Lime juice,Sugar,Egg white,Mint,,,,,
41,Ace,17225,Gin,Grenadine,Heavy cream,Milk,Egg White,,,,,,
42,ACID,14610,151 proof rum,Wild Turkey,,,,,,,,,
43,Adam,17837,Dark rum,Lemon juice,Grenadine,,,,,,,,
44,Adam & Eve,17226,Gin,Cognac,Creme de Cassis,Fresh Lemon Juice,,,,,,,
45,Adam Bomb,16333,Rum,Vodka,Tequila,Triple sec,Fruit,Ice,Salt,Fruit juice,,,
46,Adam Sunrise,15567,Vodka,Lemonade,Water,Sugar,,,,,,,
47,Addington,17227,Sweet Vermouth,Dry Vermouth,Soda Water,,,,,,,,
48,Addison,17228,Gin,Vermouth,,,,,,,,,
49,Addison Special,14272,Vodka,Grenadine,Orange juice,,,,,,,,
50,Adios Amigos Cocktail,17229,Rum,Dry Vermouth,Cognac,Gin,Fresh Lime Juice,Sugar Syrup,Water,,,,
51,Adonis Cocktail,17838,Sweet Vermouth,Sherry,Orange bitters,,,,,,,,
52,Affair,17839,Strawberry schnapps,Orange juice,Cranberry juice,Club soda,,,,,,,
53,Affinity,17840,Scotch,Sweet Vermouth,Dry Vermouth,Orange bitters,,,,,,,
54,After Dinner Cocktail,11010,Apricot brandy,Triple sec,Lime,Lime,,,,,,,
55,After Five,13807,Peppermint schnapps,Kahlua,Baileys irish cream,,,,,,,,
56,After sex,15182,Vodka,Creme de Banane,Orange juice,,,,,,,,
57,After Supper Cocktail,11011,Triple sec,Apricot brandy,Lemon juice,,,,,,,,
58,Afternoon,13162,Kahlua,Baileys irish cream,Frangelico,Coffee,Cream,,,,,,
59,Alabama Slammer,11012,Southern Comfort,Amaretto,Sloe gin,Lemon juice,,,,,,,
60,Alaska Cocktail,11013,Orange bitters,Gin,Yellow Chartreuse,Lemon peel,,,,,,,
61,Alexander,11014,Gin,Creme de Cacao,Light cream,Nutmeg,,,,,,,
62,Alfie Cocktail,11019,Lemon vodka,Triple sec,Pineapple juice,,,,,,,,
63,Algonquin,11020,Blended whiskey,Dry Vermouth,Pineapple juice,,,,,,,,
64,Alice in Wonderland,17094,Amaretto,Grand Marnier,Southern Comfort,,,,,,,,
65,Allegheny,11021,Dry Vermouth,Bourbon,Blackberry brandy,Lemon juice,Lemon peel,,,,,,
66,Allies Cocktail,11022,Dry Vermouth,Gin,Kummel,,,,,,,,
67,Almeria,11023,Dark rum,Kahlua,Egg white,,,,,,,,
68,Almond Chocolate Coffee,16082,Amaretto,Dark Creme de Cacao,Coffee,,,,,,,,
69,Almond Joy,11024,Amaretto,Creme de Cacao,Light cream,,,,,,,,
70,Amaretto And Cream,11025,Amaretto,Light cream,,,,,,,,,
71,Amaretto fizz,178321,Amaretto,Orange Juice,White Wine,Orange Peel,,,,,,,
72,Amaretto Liqueur,12792,Sugar,Water,Apricot,Almond flavoring,Grain alcohol,Water,Brandy,Food coloring,Food coloring,Food coloring,Glycerine
73,Amaretto Mist,11026,Amaretto,Lime,,,,,,,,,
74,Amaretto Rose,11027,Amaretto,Lime juice,Club soda,,,,,,,,
75,Amaretto Shake,15194,Chocolate ice-cream,Brandy,Amaretto,,,,,,,,
76,Amaretto Sour,13731,Amaretto,Sour mix,,,,,,,,,
77,Amaretto Stinger,11028,Amaretto,White Creme de Menthe,,,,,,,,,
78,Amaretto Stone Sour,14306,Amaretto,Sour mix,Orange juice,,,,,,,,
79,Amaretto Stone Sour #3,16100,Sour mix,Amaretto,Tequila,Orange juice,,,,,,,
80,Amaretto Sunrise,14578,Amaretto,Orange juice,Grenadine,,,,,,,,
81,Amaretto Sunset,17168,Triple sec,Amaretto,Cider,Ice,,,,,,,
82,Amaretto Sweet & Sour,16202,Amaretto,Sweet and sour,Midori melon liqueur,Pineapple juice,,,,,,,
83,Amaretto Tea,11029,Tea,Amaretto,Whipped cream,,,,,,,,
84,Americano,15941,Campari,Sweet Vermouth,Lemon peel,Orange peel,,,,,,,
85,Angel Face,11034,Apricot brandy,Apple brandy,Gin,,,,,,,,
86,Angelica Liqueur,12794,Angelica root,Almond,Allspice,Cinnamon,Anise,Coriander,Marjoram leaves,Vodka,Sugar,Water,Food coloring
87,Aperol Spritz,178325,Aperol,Prosecco,Soda Water,,,,,,,,
88,Apple Grande,16289,Tequila,Apple cider,,,,,,,,,
89,Apple Pie with A Crust,16958,Apple juice,Malibu rum,Cinnamon,,,,,,,,
90,Apple Slammer,13683,7-Up,Apple schnapps,,,,,,,,,
91,Applecar,11046,Applejack,Triple sec,Lemon juice,,,,,,,,
92,Applejack,16311,Jack Daniels,Midori melon liqueur,Sour mix,,,,,,,,
93,Apricot Lady,11050,Light rum,Apricot brandy,Triple sec,Lemon juice,Egg white,Orange,,,,,
94,Apricot punch,15849,Apricot brandy,Champagne,Vodka,7-Up,Orange juice,,,,,,
95,Aquamarine,178319,Hpnotiq,Pineapple Juice,Banana Liqueur,,,,,,,,
96,Archbishop,11052,Gin,Wine,Benedictine,Lime,,,,,,,
97,Arctic Fish,14622,Vodka,Grape soda,Orange juice,Ice,Candy,,,,,,
98,Arctic Mouthwash,17118,Maui,Mountain Dew,Ice,,,,,,,,
99,Arise My Love,11053,Champagne,Green Creme de Menthe,,,,,,,,,
100,Arizona Antifreeze,16354,Vodka,Midori melon liqueur,Sweet and sour,,,,,,,,
101,Arizona Stingers,14584,Absolut Vodka,Iced tea,,,,,,,,,
102,Arizona Twister,17074,Vodka,Malibu rum,Gold tequila,Orange juice,Pineapple juice,Cream of coconut,Grenadine,Ice,Pineapple,,
103,Army special,17066,Vodka,Gin,Lime juice cordial,Ice,,,,,,,
104,Arthur Tompkins,11054,Gin,Grand Marnier,Lemon juice,Lemon peel,,,,,,,
105,Artillery,11055,Sweet Vermouth,Gin,Bitters,,,,,,,,
106,Artillery Punch,12870,Tea,Rye whiskey,Red wine,Rum,Brandy,Benedictine,Orange juice,Lemon juice,,,
107,AT&T,13938,Absolut Vodka,Gin,Tonic water,,,,,,,,
108,Atlantic Sun,13423,Vodka,Southern Comfort,Passion fruit syrup,Sweet and sour,Club soda,,,,,,
109,Atomic Lokade,13086,Lemonade,Vodka,Blue Curacao,Triple sec,Sugar,Ice,,,,,
110,Auburn Headbanger,17020,Jägermeister,Goldschlager,,,,,,,,,
111,Autodafé,12756,Vodka,Lime juice,Soda water,,,,,,,,
112,Avalanche,16419,Crown Royal,Kahlua,Cream,,,,,,,,
113,Avalon,15266,Vodka,Pisang Ambon,Apple juice,Lemon juice,Lemonade,,,,,,
114,Aviation,17180,Gin,lemon juice,maraschino liqueur,,,,,,,,
115,Aztec Punch,14364,Lemonade,Vodka,Rum,Ginger ale,,,,,,,
116,B-52,15853,Baileys irish cream,Grand Marnier,Kahlua,,,,,,,,
117,B-53,13332,Kahlua,Sambuca,Grand Marnier,,,,,,,,
118,Baby Eskimo,15511,Kahlua,Milk,Vanilla ice-cream,,,,,,,,
119,Baby Guinness,17079,Kahlua,Baileys irish cream,,,,,,,,,
120,Bacardi Cocktail,17183,Light rum,Lime juice,Sugar syrup,Grenadine,,,,,,,
121,Bahama Mama,17267,Rum,Dark Rum,Banana liqueur,Grenadine,Pineapple Juice,Orange Juice,Sweet and Sour,,,,
122,Bailey's Dream Shake,14510,Baileys irish cream,Vanilla ice-cream,Cream,,,,,,,,
123,Balmoral,11060,Scotch,Sweet Vermouth,Dry Vermouth,Bitters,,,,,,,
124,Banana Cream Pi,178320,Malibu Rum,Banana Liqueur,Pineapple Juice,,,,,,,,
125,Banana Daiquiri,11064,Light rum,Triple sec,Banana,Lime juice,Sugar,Cherry,,,,,
126,Barracuda,17209,Rum,Galliano,Pineapple Juice,Lime Juice,Prosecco,,,,,,
127,Bee's Knees,178317,Gold rum,Orange Juice,Lime Juice,Triple Sec,,,,,,,
128,Belgian Blue,14071,Vodka,Coconut liqueur,Blue Curacao,Sprite,,,,,,,
129,Bellini,17195,Champagne,Peach schnapps,,,,,,,,,
130,Bellini Martini,16176,Ice,Vodka,Peach nectar,Peach schnapps,Lemon peel,,,,,,
131,Bermuda Highball,11084,Brandy,Gin,Dry Vermouth,Carbonated water,Lemon peel,,,,,,
132,Berry Deadly,12876,Everclear,Wine,Orange juice,Kool-Aid,,,,,,,
133,Between The Sheets,17184,Brandy,Light rum,Triple sec,Lemon juice,,,,,,,
134,Bible Belt,16986,Southern Comfort,Triple sec,Lime,Sour mix,,,,,,,
135,Big Red,13222,Irish cream,Goldschlager,,,,,,,,,
136,Bijou,17254,Orange Bitters,Green Chartreuse,Gin,Sweet Vermouth,,,,,,,
137,Black & Tan,13282,Ale,Guinness stout,,,,,,,,,
138,Black and Brown,16403,Guinness stout,Root beer,,,,,,,,,
139,Black Forest Shake,15951,Ice,Chocolate syrup,Cherry brandy,Vodka,Milk,,,,,,
140,Black Russian,11102,Coffee liqueur,Vodka,,,,,,,,,
141,Blackthorn,11106,Sweet Vermouth,Sloe gin,Lemon peel,,,,,,,,
142,Bleeding Surgeon,16295,Dark rum,Orange,Surge,Cranberry juice,,,,,,,
143,Blind Russian,14356,Baileys irish cream,Godiva liqueur,Kahlua,Butterscotch schnapps,Milk,,,,,,
144,Bloody Maria,11112,Tequila,Tomato juice,Lemon juice,Tabasco sauce,Celery salt,Lemon,,,,,
145,Bloody Mary,11113,Vodka,Tomato juice,Lemon juice,Worcestershire sauce,Tabasco sauce,Lime,,,,,
146,Bloody Punch,178312,Vodka,Strawberries,Lime Juice,Lemon-lime soda,Lemon-lime soda,Raisins,Blueberries,,,,
147,Blue Hurricane,17268,Rum,Dark Rum,Passoa,Blue Curacao,Sweet and Sour,Ice,,,,,
148,Blue Lagoon,11117,Vodka,Blue Curacao,Lemonade,Cherry,,,,,,,
149,Blue Margarita,11118,Tequila,Blue Curacao,Lime juice,Salt,,,,,,,
150,Blue Mountain,11119,Añejo rum,Tia maria,Vodka,Orange juice,Lemon juice,,,,,,
151,Blueberry Mojito,178336,Dark Rum,Lime Juice,Sugar,Blueberries,Lemon-lime soda,,,,,,
152,Bluebird,11120,Gin,Triple sec,Blue Curacao,Bitters,Maraschino cherry,Lemon peel,,,,,
153,Bob Marley,13395,Midori melon liqueur,Jägermeister,Goldschlager,,,,,,,,
154,Bobby Burns Cocktail,11121,Sweet Vermouth,Scotch,Benedictine,Lemon peel,,,,,,,
155,Bombay Cassis,17242,Gin,Creme de Cassis,Fresh Lime Juice,Ginger beer,Lime,Ginger,,,,,
156,Boomerang,11124,Gin,Dry Vermouth,Bitters,Maraschino liqueur,Maraschino cherry,,,,,,
157,Boozy Snickers Milkshake,17221,Vanilla Ice-Cream,Milk,Godiva liqueur,Whipped Cream,caramel sauce,chocolate sauce,Mini-snickers bars,,,,
158,Boston Sidecar,11128,Light rum,Brandy,Triple sec,Lime,,,,,,,
159,Boston Sour,11129,Blended whiskey,Lemon,Powdered sugar,Egg white,Lemon,Cherry,,,,,
160,Boulevardier,17251,Campari,Sweet Vermouth,Rye whiskey,Orange Peel,,,,,,,
161,Bounty Hunter,178331,Rum,Coconut Liqueur,Blueberries,Pineapple Juice,Prosecco,,,,,,
162,Bourbon Sling,11146,Sugar,Water,Lemon juice,Bourbon,Lemon peel,,,,,,
163,Bourbon Sour,11147,Bourbon,Lemon juice,Sugar,Orange,Maraschino cherry,,,,,,
164,Boxcar,11149,Gin,Triple sec,Lemon juice,Grenadine,Egg white,,,,,,
165,Brain Fart,17120,Everclear,Vodka,Mountain Dew,Surge,Lemon juice,Rum,,,,,
166,Brainteaser,13405,Sambuca,Erin Cream,Advocaat,,,,,,,,
167,Bramble,17210,Gin,lemon juice,Sugar syrup,Creme de Mure,,,,,,,
168,Brandon and Will's Coke Float,16447,Vanilla ice-cream,Coca-Cola,Bourbon,,,,,,,,
169,Brandy Alexander,11016,Brandy,Creme de Cacao,Light cream,Nutmeg,,,,,,,
170,Brandy Cobbler,11157,Sugar,Club soda,Lemon,Brandy,Maraschino cherry,Orange,,,,,
171,Brandy Flip,11164,Brandy,Egg,Sugar,Light cream,Nutmeg,,,,,,
172,Brandy Sour,11170,Brandy,Lemon,Powdered sugar,Lemon,Cherry,,,,,,
173,Brave Bull Shooter,13068,Tequila,Tabasco sauce,,,,,,,,,
174,Brigadier,17825,Hot Chocolate,Green Chartreuse,Cherry Heering,,,,,,,,
175,Broadside,178311,151 proof rum,Scotch,Bitters,Wormwood,Ice,,,,,,
176,Brooklyn,178310,Rye Whiskey,Dry Vermouth,Maraschino Liqueur,Angostura Bitters,Maraschino Cherry,,,,,,
177,Bruce's Puce,13066,Grenadine,Kahlua,Baileys irish cream,,,,,,,,
178,Bruised Heart,16998,Vodka,Chambord raspberry liqueur,Peachtree schnapps,Cranberry juice,,,,,,,
179,Bubble Gum,14730,Vodka,Banana liqueur,Orange juice,Peach schnapps,,,,,,,
180,Buccaneer,17035,Corona,Bacardi Limon,,,,,,,,,
181,Bumble Bee #1,14538,Baileys irish cream,Kahlua,Sambuca,,,,,,,,
182,Butter Baby,17220,Vanilla Ice-Cream,Butterscotch schnapps,Milk,Vodka,,,,,,,
183,Cafe Savoy,14181,Coffee,Milk,Triple sec,Brandy,,,,,,,
184,Caipirinha,11202,Sugar,Lime,Cachaca,,,,,,,,
185,Caipirissima,13206,Lime,Sugar,White rum,Ice,,,,,,,
186,California Lemonade,11205,Blended whiskey,Lemon,Lime,Powdered sugar,Grenadine,Carbonated water,,,,,
187,California Root Beer,14282,Kahlua,Galliano,Soda water,,,,,,,,
188,Campari Beer,16047,Lager,Campari,,,,,,,,,
189,Captain Kidd's Punch,178329,Rum,Lime Juice,Egg White,Bitters,Sugar,Nutmeg,,,,,
190,Caribbean Boilermaker,17065,Corona,Light rum,,,,,,,,,
191,Caribbean Orange Liqueur,12796,Orange,Vodka,Sugar,,,,,,,,
192,Casa Blanca,11222,Light rum,Triple sec,Lime juice,Maraschino liqueur,,,,,,,
193,Casino,17185,Gin,Maraschino liqueur,Lemon juice,Orange bitters,Cherry,,,,,,
194,Casino Royale,11224,Gin,Lemon juice,Maraschino liqueur,Orange bitters,Egg yolk,,,,,,
195,Champagne Cocktail,11227,Champagne,Sugar,Bitters,Lemon peel,Cognac,,,,,,
196,Cherry Electric Lemonade,17174,Gin,Tequila,Vodka,White rum,Triple Sec,Cherry Grenadine,Sweet and sour,Club soda,,,
197,Cherry Rum,11239,Light rum,Cherry brandy,Light cream,,,,,,,,
198,Chicago Fizz,11242,Light rum,Port,Lemon,Powdered sugar,Egg white,Carbonated water,,,,,
199,Chocolate Black Russian,11243,Kahlua,Vodka,Chocolate ice-cream,,,,,,,,
200,Chocolate Milk,13328,Chocolate liqueur,Milk,Amaretto,,,,,,,,
201,Citrus Coke,17135,Bacardi Limon,Coca-Cola,,,,,,,,,
202,City Slicker,11251,Brandy,Triple sec,Lemon juice,,,,,,,,
203,Classic Old-Fashioned,11145,Bitters,Water,Sugar,Bourbon,Orange,Maraschino cherry,,,,,
204,Clove Cocktail,11255,Sweet Vermouth,Sloe gin,Wine,,,,,,,,
205,Clover Club,17186,Gin,Grenadine,Lemon,Egg white,,,,,,,
206,Coffee Liqueur,12798,Coffee,Vanilla extract,Sugar,Vodka,Water,,,,,,
207,Coffee-Vodka,12800,Water,Sugar,Coffee,Vanilla,Vodka,Caramel coloring,,,,,
208,Corn n Oil,17830,Lime,Falernum,Angostura Bitters,Añejo rum,blackstrap rum,,,,,,
209,Corpse Reviver #2,17250,Gin,Triple Sec,Lillet Blanc,Lemon Juice,Absinthe,,,,,,
210,Cosmopolitan,17196,Absolut Citron,Lime juice,Cointreau,Cranberry juice,,,,,,,
211,Cosmopolitan Martini,14133,Cointreau,Vodka,Lime,Cranberry juice,,,,,,,
212,Cranberry Cordial,12802,Cranberries,Sugar,Light rum,,,,,,,,
213,Cream Soda,14608,Spiced rum,Ginger ale,,,,,,,,,
214,Creme de Menthe,12808,Sugar,Water,Grain alcohol,Peppermint extract,Food coloring,,,,,,
215,Cuba Libra,13751,Dark rum,Lime,Coca-Cola,Ice,,,,,,,
216,Cuba Libre,11288,Light rum,Lime,Coca-Cola,,,,,,,,
217,Daiquiri,11006,Light rum,Lime,Powdered sugar,,,,,,,,
218,Damned if you do,13194,Whiskey,Hot Damn,,,,,,,,,
219,Danbooka,15409,Coffee,Everclear,,,,,,,,,
220,Dark and Stormy,17211,Dark Rum,Ginger Beer,,,,,,,,,
221,Dark Caipirinha,17177,demerara Sugar,Lime,Cachaca,,,,,,,,
222,Darkwood Sling,14482,Cherry Heering,Soda water,Orange juice,Ice,,,,,,,
223,Death in the Afternoon,178334,Absinthe,Champagne,,,,,,,,,
224,Derby,17187,gin,Peach Bitters,Mint,,,,,,,,
225,Diesel,13128,Lager,Cider,Blackcurrant cordial,,,,,,,,
226,Dirty Martini,17181,Vodka,Dry Vermouth,Olive Brine,Lemon,Olive,,,,,,
227,Dirty Nipple,14466,Kahlua,Sambuca,Baileys irish cream,,,,,,,,
228,Downshift,16991,Fruit punch,Sprite,Tequila,151 proof rum,,,,,,,
229,Dragonfly,11320,Gin,Ginger ale,Lime,,,,,,,,
230,Dry Martini,11005,Gin,Dry Vermouth,Olive,,,,,,,,
231,Dry Rob Roy,11324,Scotch,Dry Vermouth,Lemon peel,,,,,,,,
232,Dubonnet Cocktail,11326,Dubonnet Rouge,Gin,Bitters,Lemon peel,,,,,,,
233,Duchamp's Punch,17182,Pisco,Lime Juice,Pineapple Syrup,St. Germain,Angostura Bitters,Pepper,Lavender,,,,
234,Empellón Cocina's Fat-Washed Mezcal,17246,Mezcal,Chocolate liqueur,Coffee liqueur,,,,,,,,
235,English Highball,11338,Brandy,Gin,Sweet Vermouth,Carbonated water,Lemon peel,,,,,,
236,English Rose Cocktail,11339,Apricot brandy,Gin,Dry Vermouth,Grenadine,Lemon juice,Cherry,,,,,
237,Espresso Martini,17212,Vodka,Kahlua,Sugar syrup,,,,,,,,
238,Espresso Rumtini,178309,Rum,Vanilla syrup,Espresso,Coffee,,,,,,,
239,Fahrenheit 5000,13070,Firewater,Absolut Peppar,Tabasco sauce,,,,,,,,
240,Flaming Dr. Pepper,13202,Amaretto,Vodka,151 proof rum,Dr. Pepper,Beer,,,,,,
241,Flaming Lamborghini,16485,Kahlua,Sambuca,Blue Curacao,Baileys irish cream,,,,,,,
242,Flander's Flake-Out,13675,Sambuca,Sarsaparilla,,,,,,,,,
243,Flying Dutchman,11368,Gin,Triple sec,,,,,,,,,
244,Flying Scotchman,11369,Scotch,Sweet Vermouth,Bitters,Sugar syrup,,,,,,,
245,Foxy Lady,11375,Amaretto,Creme de Cacao,Light cream,,,,,,,,
246,Freddy Kruger,14688,Jägermeister,Sambuca,Vodka,,,,,,,,
247,French 75,17197,Gin,Sugar,Lemon juice,Champagne,Orange,Maraschino cherry,,,,,
248,French Connection,17198,Cognac,Amaretto,,,,,,,,,
249,French Martini,17213,Vodka,Raspberry Liqueur,pineapple juice,,,,,,,,
250,French Negroni,17248,Gin,Lillet,Sweet Vermouth,Orange Peel,,,,,,,
251,Frisco Sour,11382,Blended whiskey,Benedictine,Lemon,Lime,Lemon,Lime,,,,,
252,Frozen Daiquiri,11387,Light rum,Triple sec,Lime juice,Sugar,Cherry,Ice,,,,,
253,Frozen Mint Daiquiri,11390,Light rum,Lime juice,Mint,Sugar,,,,,,,
254,Frozen Pineapple Daiquiri,11391,Light rum,Pineapple,Lime juice,Sugar,,,,,,,
255,Funk and Soul,178328,Rum,Apricot Nectar,Pomegranate juice,lemon,Soda Water,,,,,,
256,Fuzzy Asshole,15743,Coffee,Peach schnapps,,,,,,,,,
257,Gagliardo,12758,Peach Vodka,Lemon juice,Galliano,Sirup of roses,,,,,,,
258,Gentleman's Club,11396,Gin,Brandy,Sweet Vermouth,Club soda,,,,,,,
259,Gideon's Green Dinosaur,17002,Dark rum,Vodka,Triple sec,Tequila,Melon liqueur,Mountain Dew,,,,,
260,Gimlet,17255,Gin,Lime Juice,Sugar Syrup,Lime,,,,,,,
261,Gin And Tonic,11403,Gin,Tonic water,Lime,,,,,,,,
262,Gin Basil Smash,178314,Gin,Lemon Juice,Sugar Syrup,Basil,,,,,,,
263,Gin Cooler,11407,Gin,Carbonated water,Powdered sugar,Orange spiral,Lemon peel,,,,,,
264,Gin Daisy,11408,Gin,Lemon juice,Sugar,Grenadine,Maraschino cherry,Orange,,,,,
265,Gin Fizz,11410,Gin,Lemon,Powdered sugar,Carbonated water,,,,,,,
266,Gin Rickey,17230,Gin,Grenadine,lemon,Soda Water,Lime,,,,,,
267,Gin Sling,11415,Gin,Lemon,Powdered sugar,Water,Orange peel,,,,,,
268,Gin Smash,11416,Gin,Carbonated water,Sugar,Mint,Orange,Cherry,,,,,
269,Gin Sour,11417,Gin,Lemon juice,Sugar,Orange,Maraschino cherry,,,,,,
270,Gin Squirt,11418,Gin,Grenadine,Powdered sugar,Pineapple,Strawberries,Carbonated water,,,,,
271,Gin Swizzle,11419,Lime juice,Sugar,Gin,Bitters,Club soda,,,,,,
272,Gin Toddy,11420,Gin,Water,Powdered sugar,Lemon peel,,,,,,,
273,Girl From Ipanema,17175,Cachaca,Lemon Juice,Agave Syrup,Champagne,,,,,,,
274,Godchild,11422,Vodka,Amaretto,Heavy cream,,,,,,,,
275,Godfather,11423,Scotch,Amaretto,,,,,,,,,
276,Godmother,11424,Vodka,Amaretto,,,,,,,,,
277,Golden dream,17199,Galliano,Triple Sec,orange juice,Cream,,,,,,,
278,Grand Blue,15427,Malibu rum,Peach schnapps,Blue Curacao,Sweet and sour,,,,,,,
279,Grass Skirt,11433,Gin,Triple sec,Pineapple juice,Grenadine,Pineapple,,,,,,
280,Grasshopper,17200,Green Creme de Menthe,Creme de Cacao,Light cream,,,,,,,,
281,Green Goblin,13497,Cider,Lager,Blue Curacao,,,,,,,,
282,Greyhound,17252,Vodka,Grapefruit Juice,,,,,,,,,
283,Grim Reaper,14642,Kahlua,151 proof rum,Grenadine,,,,,,,,
284,Grizzly Bear,12762,Amaretto,Jägermeister,Kahlua,Milk,,,,,,,
285,H.D.,16262,Whisky,Baileys irish cream,Coffee,,,,,,,,
286,Halloween Punch,178313,Cherry Juice,Orange Peel,Red Chili Flakes,Cloves,Ginger,Vodka,,,,,
287,Happy Skipper,12766,Spiced rum,Ginger ale,Lime,Ice,,,,,,,
288,Harvey Wallbanger,11462,Vodka,Galliano,Orange juice,,,,,,,,
289,Havana Cocktail,11470,Light rum,Pineapple juice,Lemon juice,,,,,,,,
290,Hawaiian Cocktail,11472,Gin,Triple sec,Pineapple juice,,,,,,,,
291,Hemingway Special,17201,Rum,Grapefruit Juice,Maraschino Liqueur,Lime Juice,,,,,,,
292,Herbal flame,15813,Hot Damn,Tea,,,,,,,,,
293,Highland Fling Cocktail,11476,Scotch,Sweet Vermouth,Orange bitters,Olive,,,,,,,
294,Homemade Kahlua,17044,Sugar,Corn syrup,Coffee,Vanilla extract,Water,Vodka,,,,,
295,Honey Bee,178316,White Rum,Honey,Lemon Juice,,,,,,,,
296,Horse's Neck,17202,Lemon peel,Brandy,Ginger ale,Bitters,,,,,,,
297,Hot Creamy Bush,14782,Irish whiskey,Baileys irish cream,Coffee,,,,,,,,
298,Hunter's Moon,17239,Vermouth,Maraschino Cherry,Sugar Syrup,Lemonade,Blackberries,,,,,,
299,Ice Pick #1,13539,Vodka,Iced tea,Lemon juice,,,,,,,,
300,Iced Coffee Fillip,12772,Kahlua,Coffee,,,,,,,,,
301,Imperial Cocktail,12706,Lime juice,Gin,Aperol,,,,,,,,
302,Imperial Fizz,11524,Light rum,Blended whiskey,Lemon,Powdered sugar,Carbonated water,,,,,,
303,Irish Coffee,13971,Irish whiskey,Coffee,Sugar,Whipped cream,,,,,,,
304,Irish Cream,12820,Scotch,Half-and-half,Condensed milk,Coconut syrup,Chocolate syrup,,,,,,
305,Irish Curdling Cow,16987,Baileys irish cream,Bourbon,Vodka,Orange juice,,,,,,,
306,Irish Russian,17015,Vodka,Kahlua,Coca-Cola,Guinness stout,,,,,,,
307,Irish Spring,11528,Irish whiskey,Peach brandy,Orange juice,Sweet and sour,Orange,Cherry,,,,,
308,Jack Rose Cocktail,11542,Apple brandy,Grenadine,Lime,,,,,,,,
309,Jack's Vanilla Coke,16275,Ice,Tennessee whiskey,Vanilla extract,Coca-Cola,,,,,,,
310,Jackhammer,13847,Jack Daniels,Amaretto,,,,,,,,,
311,Jam Donut,17178,Baileys irish cream,Chambord raspberry liqueur,Sugar syrup,Sugar,,,,,,,
312,Jamaica Kiss,14095,Coffee liqueur,Light rum,Ice,Milk,,,,,,,
313,Jamaican Coffee,15825,Rum,Coffee,Water,Whipped cream,,,,,,,
314,Japanese Fizz,11558,Blended whiskey,Lemon,Powdered sugar,Port,Egg white,Carbonated water,,,,,
315,Jello shots,14956,Vodka,Jello,Water,,,,,,,,
316,Jelly Bean,13775,Blackberry brandy,Anis,,,,,,,,,
317,Jewel Of The Nile,11566,Gin,Green Chartreuse,Yellow Chartreuse,,,,,,,,
318,Jitterbug,16178,Gin,Vodka,Grenadine,Lime juice,Sugar,Sugar syrup,Soda water,,,,
319,John Collins,11580,Bourbon,Lemon juice,Sugar,Club soda,Maraschino cherry,Orange,,,,,
320,Kamikaze,11600,Vodka,Triple sec,Lime juice,,,,,,,,
321,Karsk,12764,Coffee,Grain alcohol,,,,,,,,,
322,Kentucky B And B,11602,Bourbon,Benedictine,,,,,,,,,
323,Kentucky Colonel,11604,Bourbon,Benedictine,Lemon peel,,,,,,,,
324,Kioki Coffee,16951,Kahlua,Brandy,Coffee,,,,,,,,
325,Kir,17203,Creme de Cassis,Champagne,,,,,,,,,
326,Kir Royale,13837,Creme de Cassis,Champagne,,,,,,,,,
327,Kiss me Quick,15026,Cranberry vodka,Apfelkorn,Schweppes Russchian,Apple juice,Ice,,,,,,
328,Kiwi Lemon,14752,Kiwi liqueur,Bitter lemon,Ice,,,,,,,,
329,Kool First Aid,17006,151 proof rum,Kool-Aid,,,,,,,,,
330,Kool-Aid Shot,13190,Vodka,Amaretto,Sloe gin,Triple sec,Cranberry juice,,,,,,
331,Kool-Aid Slammer,14446,Kool-Aid,Vodka,,,,,,,,,
332,Kurant Tea,14456,Absolut Kurant,Tea,Sugar,,,,,,,,
333,Lady Love Fizz,11634,Gin,Light cream,Powdered sugar,Lemon,Egg white,Carbonated water,,,,,
334,Lazy Coconut Paloma,178335,Coconut Liqueur,Grapefruit Juice,Soda Water,,,,,,,,
335,Lemon Drop,14366,Absolut Vodka,Cointreau,Lemon,,,,,,,,
336,Lemon Shot,12752,Galliano,Absolut Citron,Lemon,Sugar,151 proof rum,,,,,,
337,Limona Corona,15086,Corona,Bacardi Limon,,,,,,,,,
338,Loch Lomond,11658,Scotch,Drambuie,Dry Vermouth,Lemon peel,,,,,,,
339,London Town,11662,Gin,Maraschino liqueur,Orange bitters,,,,,,,,
340,Lone Tree Cocktail,11664,Sweet Vermouth,Gin,,,,,,,,,
341,Lone Tree Cooler,11666,Carbonated water,Gin,Dry Vermouth,Powdered sugar,Orange spiral,Lemon peel,,,,,
342,Long Island Iced Tea,17204,Vodka,Tequila,Light rum,Gin,Coca-Cola,Lemon peel,,,,,
343,Long Island Tea,11002,Vodka,Light rum,Gin,Tequila,Lemon,Coca-Cola,,,,,
344,Long vodka,13196,Vodka,Lime,Angostura bitters,Tonic water,Ice,,,,,,
345,Lord And Lady,11670,Dark rum,Tia maria,,,,,,,,,
346,Lunch Box,14378,Beer,Amaretto,Orange juice,,,,,,,,
347,Mai Tai,11690,Light rum,Orgeat syrup,Triple sec,Sweet and sour,Cherry,,,,,,
348,Malibu Twister,15224,Malibu rum,Tropicana,Cranberry juice,,,,,,,,
349,Manhattan,11008,Sweet Vermouth,Bourbon,Angostura bitters,Ice,Maraschino cherry,Orange peel,,,,,
350,Margarita,11007,Tequila,Triple sec,Lime juice,Salt,,,,,,,
351,Martinez 2,17256,Gin,Sweet Vermouth,Maraschino Liqueur,Angostura Bitters,,,,,,,
352,Martinez Cocktail,11720,Gin,Dry Vermouth,Triple sec,Orange bitters,Cherry,,,,,,
353,Martini,11728,Gin,Dry Vermouth,Olive,,,,,,,,
354,Mary Pickford,17188,Light rum,Pineapple juice,Maraschino liqueur,Grenadine,Maraschino cherry,,,,,,
355,Miami Vice,13936,151 proof rum,Pina colada mix,Daiquiri mix,,,,,,,,
356,Midnight Cowboy,11766,Bourbon,Dark rum,Heavy cream,,,,,,,,
357,Midnight Manx,13825,Kahlua,Baileys irish cream,Goldschlager,Heavy cream,Coffee,,,,,,
358,Midnight Mint,14842,Baileys irish cream,White Creme de Menthe,Cream,,,,,,,,
359,Mimosa,17205,Champagne,Orange juice,,,,,,,,,
360,Mint Julep,17206,Mint,Bourbon,Powdered sugar,Water,,,,,,,
361,Mississippi Planters Punch,11786,Brandy,Light rum,Bourbon,Lemon,Powdered sugar,Carbonated water,,,,,
362,Mocha-Berry,14209,Coffee,Chambord raspberry liqueur,Cocoa powder,Whipped cream,,,,,,,
363,Mojito,11000,Light rum,Lime,Sugar,Mint,Soda water,,,,,,
364,Mojito #3,15841,Mint,Lemon juice,Dark rum,Club soda,Angostura bitters,,,,,,
365,Monkey Gland,17189,Gin,Benedictine,Orange juice,Grenadine,,,,,,,
366,Monkey Wrench,11798,Light rum,Grapefruit juice,Bitters,,,,,,,,
367,Moranguito,16196,Absinthe,Tequila,Grenadine,,,,,,,,
368,Moscow Mule,11009,Vodka,Lime juice,Ginger ale,,,,,,,,
369,Mother's Milk,14053,Goldschlager,Butterscotch schnapps,Milk,,,,,,,,
370,Mudslinger,16041,Southern Comfort,Orange juice,Pepsi Cola,,,,,,,,
371,Mulled Wine,12988,Water,Sugar,Cloves,Cinnamon,Lemon peel,Red wine,Brandy,,,,
372,Munich Mule,178315,Gin,Lime Juice,Ginger Beer,Cucumber,lemon,,,,,,
373,National Aquarium,13192,Rum,Vodka,Gin,Blue Curacao,Sour mix,Lemon-lime soda,,,,,
374,Negroni,11003,Gin,Campari,Sweet Vermouth,,,,,,,,
375,New York Lemonade,13204,Absolut Citron,Grand Marnier,Lemon juice,Club soda,,,,,,,
376,New York Sour,11844,Blended whiskey,Lemon,Sugar,Red wine,Lemon,Cherry,,,,,
377,Nutty Irishman,13861,Baileys irish cream,Frangelico,Milk,,,,,,,,
378,Oatmeal Cookie,17266,Kahlua,Bailey,Butterscotch schnapps,Jagermeister,Goldschlager,,,,,,
379,Old Fashioned,11001,Bourbon,Angostura bitters,Sugar,Water,,,,,,,
380,Old Pal,17827,Rye whiskey,Campari,Dry Vermouth,,,,,,,,
381,Orange Crush,15330,Vodka,Triple sec,Orange juice,,,,,,,,
382,Orange Oasis,11870,Cherry brandy,Gin,Orange juice,Ginger ale,,,,,,,
383,Orange Push-up,14586,Spiced rum,Grenadine,Orange juice,Sour mix,,,,,,,
384,Orange Whip,16995,Orange juice,Rum,Vodka,Cream,Ice,,,,,,
385,Oreo Mudslide,13499,Vodka,Kahlua,Baileys irish cream,Vanilla ice-cream,Oreo cookie,,,,,,
386,Orgasm,11872,Creme de Cacao,Amaretto,Triple sec,Vodka,Light cream,,,,,,
387,Owen's Grandmother's Revenge,13200,Whiskey,Beer,Lemonade,Ice,,,,,,,
388,Paloma,17253,Grape Soda,Tequila,,,,,,,,,
389,Paradise,17190,Gin,Apricot Brandy,Orange Juice,,,,,,,,
390,Passion Fruit Martini,178323,Vodka,Sugar Syrup,Passion fruit juice,,,,,,,,
391,Pegu Club,17249,Gin,Orange Curacao,Lime Juice,Angostura Bitters,Orange Bitters,,,,,,
392,Penicillin,17829,Blended Scotch,Lemon Juice,Honey syrup,Ginger Syrup,Islay single malt Scotch,,,,,,
393,Pina Colada,17207,Light rum,Coconut milk,Pineapple,,,,,,,,
394,Pineapple Paloma,178327,Tequila,Grapefruit Juice,Fresh Lime Juice,Pineapple Juice,Lime,Pepper,,,,,
395,Pink Gin,11936,Bitters,Gin,,,,,,,,,
396,Pink Lady,11938,Gin,Grenadine,Light cream,Egg white,,,,,,,
397,Pink Panty Pulldowns,13535,Sprite,Pink lemonade,Vodka,,,,,,,,
398,Pink Penocha,16992,Everclear,Vodka,Peach schnapps,Orange juice,Cranberry juice,,,,,,
399,Pisco Sour,13214,Pisco,Lemon juice,Sugar,Ice,,,,,,,
400,Planter's Punch,17191,Dark rum,Orgeat syrup,Orange juice,Pineapple juice,,,,,,,
401,Popped cherry,13072,Vodka,Cherry liqueur,Cranberry juice,Orange juice,,,,,,,
402,Poppy Cocktail,11959,Gin,Creme de Cacao,,,,,,,,,
403,Port And Starboard,11961,Grenadine,Green Creme de Menthe,,,,,,,,,
404,Port Wine Cocktail,11963,Port,Brandy,,,,,,,,,
405,Port Wine Flip,11965,Port,Light cream,Powdered sugar,Egg,Nutmeg,,,,,,
406,Porto flip,17192,Brandy,Port,Egg Yolk,,,,,,,,
407,Quaker's Cocktail,11983,Light rum,Brandy,Lemon,Raspberry syrup,,,,,,,
408,Quarter Deck Cocktail,11985,Light rum,Sherry,Lime,,,,,,,,
409,Queen Bee,11987,Coffee brandy,Lime vodka,Sherry,,,,,,,,
410,Queen Charlotte,11989,Red wine,Grenadine,Lemon-lime soda,,,,,,,,
411,Queen Elizabeth,11991,Dry Vermouth,Gin,Benedictine,,,,,,,,
412,Quentin,11993,Dark rum,Kahlua,Light cream,Nutmeg,,,,,,,
413,Quick F**K,13198,Kahlua,Midori melon liqueur,Baileys irish cream,,,,,,,,
414,Quick-sand,15761,Black Sambuca,Orange juice,,,,,,,,,
415,Radioactive Long Island Iced Tea,16984,Rum,Vodka,Tequila,Gin,Triple sec,Chambord raspberry liqueur,Midori melon liqueur,Malibu rum,,,
416,Radler,16031,Beer,7-Up,,,,,,,,,
417,Raspberry Cooler,17167,Raspberry vodka,Lemon-lime soda,Ice,,,,,,,,
418,Raspberry Julep,178333,Bourbon,Raspberry syrup,Mint,,,,,,,,
419,Red Snapper,14087,Crown Royal,Amaretto,Cranberry juice,,,,,,,,
420,Rose,17208,Dry Vermouth,Gin,Apricot brandy,Lemon juice,Grenadine,Powdered sugar,,,,,
421,Rosemary Blue,17245,Gin,Blue Curacao,Tonic Water,Rosemary,,,,,,,
422,Royal Bitch,17122,Frangelico,Crown Royal,,,,,,,,,
423,Royal Fizz,12055,Gin,Sweet and sour,Egg,Coca-Cola,,,,,,,
424,Royal Flush,15082,Crown Royal,Peach schnapps,Chambord raspberry liqueur,Cranberry juice,,,,,,,
425,Royal Gin Fizz,12057,Gin,Lemon,Powdered sugar,Egg,Carbonated water,,,,,,
426,Ruby Tuesday,17114,Gin,Cranberry juice,Grenadine,,,,,,,,
427,Rum Cobbler,12067,Sugar,Club soda,Lemon,Dark rum,Maraschino cherry,Orange,,,,,
428,Rum Cooler,12071,Rum,Lemon-lime soda,Lemon,,,,,,,,
429,Rum Milk Punch,12087,Light rum,Milk,Powdered sugar,Nutmeg,,,,,,,
430,Rum Old-fashioned,12089,Light rum,151 proof rum,Powdered sugar,Bitters,Water,Lime peel,,,,,
431,Rum Punch,14978,Rum,Ginger ale,Fruit punch,Orange juice,Ice,,,,,,
432,Rum Runner,16250,Malibu rum,Blackberry brandy,Orange juice,Pineapple juice,Cranberry juice,,,,,,
433,Rum Screwdriver,12091,Light rum,Orange juice,,,,,,,,,
434,Rum Sour,12093,Light rum,Lemon juice,Sugar,Orange,Maraschino cherry,,,,,,
435,Rum Toddy,12097,Rum,Powdered sugar,Lemon peel,Water,,,,,,,
436,Russian Spring Punch,17214,Vodka,Creme de Cassis,Sugar Syrup,Lemon Juice,,,,,,,
437,Rusty Nail,12101,Scotch,Drambuie,Lemon peel,,,,,,,,
438,Salted Toffee Martini,17233,Gin,Chocolate liqueur,Amaretto,Chocolate Sauce,Salted Chocolate,,,,,,
439,Salty Dog,12107,Grapefruit juice,Gin,Salt,,,,,,,,
440,San Francisco,15184,Vodka,Creme de Banane,Grenadine,Orange juice,,,,,,,
441,Sangria #1,13020,Red wine,Sugar,Orange juice,Lemon juice,Cloves,Cinnamon,,,,,
442,Sangria - The World's Best,13026,Red wine,Sugar,Lemon,Orange,Apple,Brandy,Soda water,,,,
443,Sazerac,12127,Ricard,Sugar,Peychaud bitters,Water,Bourbon,Lemon peel,,,,,
444,Scooter,12130,Brandy,Amaretto,Light cream,,,,,,,,
445,Scotch Cobbler,12138,Scotch,Brandy,Curacao,Orange,Mint,,,,,,
446,Scotch Sour,12158,Scotch,Lime,Powdered sugar,Lemon,Cherry,,,,,,
447,Scottish Highland Liqueur,12854,Johnnie Walker,Honey,Angelica root,Fennel seeds,Lemon peel,,,,,,
448,Screaming Orgasm,13625,Vodka,Baileys irish cream,Kahlua,,,,,,,,
449,Screwdriver,12162,Vodka,Orange juice,,,,,,,,,
450,Sea breeze,13377,Vodka,Cranberry juice,Grapefruit juice,,,,,,,,
451,Sex on the Beach,12754,Vodka,Peach schnapps,Cranberry juice,Grapefruit juice,,,,,,,
452,Shanghai Cocktail,12186,Light rum,Anisette,Grenadine,Lemon,,,,,,,
453,Shark Attack,16273,Lemonade,Water,Vodka,,,,,,,,
454,Sherry Eggnog,12188,Sherry,Powdered sugar,Egg,Milk,Nutmeg,,,,,,
455,Sherry Flip,12190,Sherry,Light cream,Powdered sugar,Egg,Nutmeg,,,,,,
456,Shot-gun,16985,Jim Beam,Jack Daniels,Wild Turkey,,,,,,,,
457,Sidecar,12196,Cognac,Cointreau,Lemon juice,,,,,,,,
458,Sidecar Cocktail,12198,Brandy,Triple sec,Lemon,,,,,,,,
459,Singapore Sling,12214,Cherry brandy,Grenadine,Gin,Sweet and sour,Carbonated water,Cherry,,,,,
460,Slippery Nipple,178306,Sambuca,Irish cream,,,,,,,,,
461,Sloe Gin Cocktail,12224,Sloe gin,Dry Vermouth,Orange bitters,,,,,,,,
462,Smashed Watermelon Margarita,178332,Watermelon,Mint,Grapefruit Juice,Lime,Tequila,Watermelon,Mint,,,,
463,Smut,17141,Red wine,Peach schnapps,Pepsi Cola,Orange juice,,,,,,,
464,Snake Bite (UK),13389,Lager,Cider,,,,,,,,,
465,Snakebite and Black,15789,Lager,Cider,Blackcurrant squash,,,,,,,,
466,Snowball,14195,Advocaat,Lemonade,Lemon,Ice,,,,,,,
467,Sol Y Sombra,12256,Brandy,Anisette,,,,,,,,,
468,Space Odyssey,15226,151 proof rum,Malibu rum,Pineapple juice,Orange juice,Grenadine,Cherries,,,,,
469,Spice 75,178322,Sugar,Allspice,Rum,Lime Juice,Champagne,Orange spiral,,,,,
470,Spritz,17215,Prosecco,Campari,Soda Water,,,,,,,,
471,Spritz Veneziano,178308,Prosecco,Aperol,Soda Water,,,,,,,,
472,Stinger,17193,Brandy,White Creme de Menthe,,,,,,,,,
473,Stone Sour,12308,Apricot brandy,Orange juice,Sweet and sour,,,,,,,,
474,Strawberry Daiquiri,12316,Strawberry schnapps,Light rum,Lime juice,Powdered sugar,Strawberries,,,,,,
475,Strawberry Margarita,12322,Strawberry schnapps,Tequila,Triple sec,Lemon juice,Strawberries,Salt,,,,,
476,Surf City Lifesaver,12760,Ouzo,Baileys irish cream,Gin,Grand Marnier,,,,,,,
477,Swedish Coffee,15521,Coffee,Aquavit,Sugar,,,,,,,,
478,Sweet Sangria,13024,Red wine,Sugar,Water,Apple,Orange,Lime,Lemon,Fresca,,,
479,Sweet Tooth,16990,Godiva liqueur,Milk,,,,,,,,,
480,Talos Coffee,14860,Grand Marnier,Coffee,,,,,,,,,
481,Tennesee Mud,15515,Coffee,Jack Daniels,Amaretto,Whipped cream,,,,,,,
482,Tequila Fizz,12362,Tequila,Lemon juice,Grenadine,Egg white,Ginger ale,,,,,,
483,Tequila Slammer,178307,Tequila,7-up,,,,,,,,,
484,Tequila Sour,12370,Tequila,Lemon,Powdered sugar,Lemon,Cherry,,,,,,
485,Tequila Sunrise,13621,Tequila,Orange juice,Grenadine,,,,,,,,
486,Tequila Surprise,14602,Tequila,Tabasco sauce,,,,,,,,,
487,Texas Rattlesnake,15178,Yukon Jack,Cherry brandy,Southern Comfort,Sweet and sour,,,,,,,
488,Texas Sling,15639,Kahlua,Irish cream,Amaretto,151 proof rum,Cream,,,,,,
489,The Evil Blue Thing,16271,Creme de Cacao,Blue Curacao,Light rum,,,,,,,,
490,The Jimmy Conway,17826,Irish Whiskey,Amaretto,Cranberry Juice,,,,,,,,
491,The Last Word,17247,Green Chartreuse,Maraschino Liqueur,Lime Juice,,,,,,,,
492,The Laverstoke,17824,Gin,Elderflower cordial,Rosso Vermouth,Tonic Water,Lime,Ginger,Mint,,,,
493,The Philosopher,178330,Gin,Melon Liqueur,Orange Bitters,Lemon Juice,Prosecco,,,,,,
494,Thriller,12388,Scotch,Wine,Orange juice,,,,,,,,
495,Tia-Maria,12856,Water,Brown sugar,Coffee,Rum,Vanilla extract,,,,,,
496,Tipperary,17828,Irish Whiskey,Sweet Vermouth,Green Chartreuse,,,,,,,,
497,Tom Collins,12402,Gin,Lemon juice,Sugar,Club soda,Maraschino cherry,Orange,,,,,
498,Tommy's Margarita,17216,Tequila,Lime Juice,Agave syrup,,,,,,,,
499,Turf Cocktail,12418,Dry Vermouth,Gin,Anis,Bitters,Orange peel,,,,,,
500,Turkeyball,15006,Wild Turkey,Amaretto,Pineapple juice,,,,,,,,
501,Tuxedo Cocktail,12420,Dry Vermouth,Gin,Maraschino liqueur,Anis,Orange bitters,Cherry,,,,,
502,Valencia Cocktail,12434,Apricot brandy,Orange juice,Orange bitters,,,,,,,,
503,Vampiro,17217,Tequila,Tomato Juice,Orange Juice,Lime Juice,Sugar Syrup,Salt,,,,,
504,Van Vleet,12436,Light rum,Maple syrup,Lemon juice,,,,,,,,
505,Vermouth Cassis,12442,Dry Vermouth,Creme de Cassis,Carbonated water,,,,,,,,
506,Vesper,17218,Gin,Vodka,Lillet Blanc,,,,,,,,
507,Vesuvio,12444,Light rum,Sweet Vermouth,Lemon,Powdered sugar,Egg white,,,,,,
508,Veteran,12446,Dark rum,Cherry brandy,,,,,,,,,
509,Victor,12450,Gin,Sweet Vermouth,Brandy,,,,,,,,
510,Victory Collins,12452,Vodka,Lemon juice,Grape juice,Powdered sugar,Orange,,,,,,
511,Vodka And Tonic,12460,Vodka,Tonic water,,,,,,,,,
512,Vodka Fizz,16967,Vodka,Half-and-half,Limeade,Ice,Nutmeg,,,,,,
513,Vodka Martini,14167,Vodka,Dry Vermouth,Olive,,,,,,,,
514,Vodka Russian,15403,Vodka,Schweppes Russchian,,,,,,,,,
515,Waikiki Beachcomber,12474,Triple sec,Gin,Pineapple juice,,,,,,,,
516,Whiskey Sour,11004,Blended whiskey,Lemon,Powdered sugar,Cherry,Lemon,,,,,,
517,Whisky Mac,12518,Scotch,Wine,,,,,,,,,
518,White Lady,17194,Gin,Triple Sec,Lemon Juice,,,,,,,,
519,White Russian,12528,Vodka,Coffee liqueur,Light cream,,,,,,,,
520,White Wine Sangria,178326,Lime,lemon,White Wine,Strawberries,Apple,Apple Brandy,Soda Water,,,,
521,Whitecap Margarita,16158,Ice,Tequila,Cream of coconut,Lime juice,,,,,,,
522,Wine Punch,13058,Red wine,Lemon,Orange juice,Orange,Pineapple juice,,,,,,
523,Yellow Bird,17219,White Rum,Galliano,Triple Sec,Lime Juice,,,,,,,
524,Zambeer,15933,Sambuca,Root beer,Ice,,,,,,,,
525,Zenmeister,15254,Jägermeister,Root beer,,,,,,,,,
526,Ziemes Martini Apfelsaft,14157,Vermouth,Apple juice,,,,,,,,,
527,Zima Blaster,17027,Zima,Chambord raspberry liqueur,,,,,,,,,
528,Zimadori Zinger,15801,Midori melon liqueur,Zima,,,,,,,,,
529,Zinger,14888,Peachtree schnapps,Surge,,,,,,,,,
530,Zipperhead,16942,Chambord raspberry liqueur,Vodka,Soda water,,,,,,,,
531,Zippy's Revenge,14065,Amaretto,Rum,Kool-Aid,,,,,,,,
532,Zizi Coin-coin,14594,Cointreau,Lemon juice,Ice,Lemon,,,,,,,
533,Zoksel,15691,Beer,Root beer,Lemonade,Coca-Cola,7-Up,Creme de Cassis,Lemon,,,,
534,Zombie,17241,Rum,Gold rum,151 proof rum,Pernod,Grenadine,Lime Juice,Angostura Bitters,,,,
535,Zorbatini,16963,Vodka,Ouzo,,,,,,,,,
536,Zorro,15328,Sambuca,Baileys irish cream,White Creme de Menthe,,,,,,,,
